{
  "doc_counts": [
    5,
    10,
    15,
    20,
    25,
    30
  ],
  "serial_times": [
    0.558164119720459,
    2.539391279220581,
    4.351002931594849,
    7.468573570251465,
    12.056032180786133,
    17.624089002609253
  ],
  "parallel_times": {
    "2": [
      0.35335636138916016,
      0.697763204574585,
      0.306049108505249,
      0.38547539710998535,
      0.43045854568481445,
      0.6210391521453857
    ],
    "4": [
      0.38280367851257324,
      0.38414478302001953,
      0.2701091766357422,
      0.3214573860168457,
      0.4650709629058838,
      0.5386199951171875
    ],
    "8": [
      0.34871387481689453,
      0.19510293006896973,
      0.2752535343170166,
      0.3575632572174072,
      0.44760918617248535,
      0.592017650604248
    ],
    "12": [
      0.3168056011199951,
      0.19510960578918457,
      0.2846231460571289,
      0.4476742744445801,
      0.48653149604797363,
      0.5911352634429932
    ]
  },
  "thread_counts": [
    2,
    4,
    8,
    12
  ]
}