{
  "doc_counts": [
    5,
    10,
    15,
    20,
    25,
    30
  ],
  "serial_times": [
    0.6279675960540771,
    2.8451976776123047,
    5.09856653213501,
    7.58901047706604,
    12.03579831123352,
    17.478713512420654
  ],
  "parallel_times": [
    0.3067469596862793,
    0.6200616359710693,
    0.2838747501373291,
    0.361788272857666,
    0.469127893447876,
    0.54520583152771
  ],
  "n_workers": 8
}