{
  "doc_counts": [
    5,
    10,
    15,
    20
  ],
  "serial_times": [
    32.75005292892456,
    145.77624320983887,
    344.5028269290924,
    616.0934989452362
  ],
  "thread_times": {
    "2": [
      20.31969428062439,
      111.6010193824768,
      250.38323736190796,
      387.3272490501404
    ],
    "4": [
      15.23206114768982,
      65.9326491355896,
      166.40721893310547,
      294.0438435077667
    ],
    "8": [
      10.638481140136719,
      61.86063623428345,
      122.24126076698303,
      208.72329902648926
    ],
    "12": [
      8.141841411590576,
      42.07196760177612,
      107.20828557014465,
      183.30276799201965
    ]
  },
  "peak_memory": {
    "2": [
      736.58203125,
      736.3515625,
      849.05078125,
      821.82421875
    ],
    "4": [
      738.1328125,
      730.3515625,
      848.5546875,
      821.9296875
    ],
    "8": [
      741.171875,
      733.25390625,
      848.77734375,
      751.9765625
    ],
    "12": [
      743.734375,
      737.5234375,
      852.14453125,
      749.90625
    ]
  },
  "avg_memory": {
    "2": [
      736.446875,
      735.6397569444445,
      848.6675347222222,
      821.8033854166666
    ],
    "4": [
      737.9828125,
      730.3182744565217,
      848.5512152777778,
      767.3311631944445
    ],
    "8": [
      741.140234375,
      733.25390625,
      848.7737723214286,
      749.2214226973684
    ],
    "12": [
      743.734375,
      737.3118055555556,
      852.14453125,
      749.9057006835938
    ]
  },
  "embedding_times": [
    67.46879959106445,
    152.37840056419373,
    229.99168038368225,
    309.1624438762665
  ],
  "thread_counts": [
    2,
    4,
    8,
    12
  ]
}